"","loan_amnt","funded_amnt","term","int_rate","grade","sub_grade","home_ownership","annual_inc","loan_status","addr_state","prob","same"
"1",7500,7500," 36 months",1.47040040560016,"A","A4","MORTGAGE",383,"Fully Paid","TX",0.830631000212066,1
"2",11575,11575," 36 months",1.47040040560016,"A","A4","OWN",1341,"Fully Paid","CA",0.821975753225646,1
"3",7200,7200," 36 months",4.97135375226721,"E","E3","RENT",5106,"Fully Paid","WA",0.493647157295125,0
"4",40000,40000," 36 months",1.88851426243068,"B","B1","MORTGAGE",2359,"Fully Paid","TX",0.789181591753937,1
"5",20000,20000," 36 months",2.39865317865931,"B","B5","MORTGAGE",8226,"Fully Paid","CT",0.752675141200262,1
"6",9600,9600," 36 months",2.39865317865931,"B","B5","MORTGAGE",6170,"Fully Paid","CA",0.752675141200262,1
"7",15000,15000," 36 months",3.20487272077749,"C","C5","RENT",6346,"Fully Paid","FL",0.650042860185759,1
"8",15000,15000," 36 months",2.39865317865931,"B","B5","OWN",6454,"Fully Paid","CA",0.741276979370275,1
"9",3800,3800," 36 months",1.98654095613736,"B","B2","MORTGAGE",8226,"Fully Paid","TX",0.782485472973867,1
"10",10000,10000," 60 months",3.20487272077749,"C","C5","RENT",5320,"Fully Paid","CA",0.532238014878904,1
"11",14000,14000," 36 months",3.20487272077749,"C","C5","MORTGAGE",7510,"Fully Paid","MA",0.686461134493951,1
"12",17700,17700," 36 months",6.15967734536449,"G","G1","MORTGAGE",1443,"Fully Paid","NJ",0.403636476314757,0
"13",15500,15500," 36 months",1.98654095613736,"B","B2","MORTGAGE",8552,"Fully Paid","VA",0.782485472973867,1
"14",24000,24000," 36 months",3.41893101111657,"D","D1","RENT",7885,"Fully Paid","PA",0.614225565222711,1
"15",30000,30000," 36 months",4.58324806697955,"E","E1","RENT",7648,"Fully Paid","DC",0.532982426430157,1
"16",25200,25200," 36 months",2.08456764984404,"B","B3","RENT",781,"Fully Paid","MD",0.745740341955466,1
"17",6000,6000," 36 months",2.81676703548983,"C","C3","MORTGAGE",8834,"Fully Paid","CA",0.719334031066105,1
"18",9600,9600," 36 months",2.18259434355072,"B","B4","RENT",3892,"Fully Paid","CA",0.738122286802134,1
"19",2100,2100," 36 months",2.71874034178316,"C","C2","RENT",8051,"Fully Paid","CA",0.693503830498052,1
"20",25000,25000," 60 months",4.97135375226721,"E","E3","MORTGAGE",8886,"Fully Paid","GA",0.413113159368392,0
"21",15000,15000," 36 months",1.98654095613736,"B","B2","RENT",8552,"Fully Paid","CA",0.753210881678734,1
"22",3000,3000," 36 months",2.71874034178316,"C","C2","OWN",8226,"Fully Paid","TX",0.715171561308747,1
"23",20000,20000," 60 months",4.77730090962338,"E","E2","MORTGAGE",5654,"Fully Paid","WI",0.432331902902394,0
"24",6000,6000," 36 months",3.01081987813366,"C","C4","RENT",7880,"Fully Paid","CA",0.667743035194862,1
"25",35000,35000," 36 months",1.06428981738678,"A","A1","MORTGAGE",1988,"Fully Paid","WA",0.852575863929706,1
"26",17000,17000," 36 months",1.44239277882683,"A","A3","RENT",5323,"Fully Paid","OH",0.808001393425378,1
"27",16000,16000," 36 months",1.44239277882683,"A","A3","MORTGAGE",8886,"Fully Paid","FL",0.832224343996477,1
"28",8000,8000," 36 months",1.44239277882683,"A","A3","MORTGAGE",7256,"Fully Paid","FL",0.832224343996477,1
"29",6000,6000," 36 months",1.88851426243068,"B","B1","MORTGAGE",7510,"Fully Paid","NV",0.789181591753937,1
"30",18000,18000," 60 months",3.20487272077749,"C","C5","RENT",6634,"Fully Paid","MI",0.532238014878904,1
"31",12000,12000," 60 months",3.01081987813366,"C","C4","MORTGAGE",6170,"Fully Paid","FL",0.592013903517723,1
"32",10000,10000," 36 months",3.20487272077749,"C","C5","OWN",8492,"Fully Paid","CA",0.673335822410204,1
"33",21000,21000," 36 months",1.88851426243068,"B","B1","MORTGAGE",7095,"Fully Paid","SC",0.789181591753937,1
"34",3600,3600," 36 months",4.77730090962338,"E","E2","MORTGAGE",217,"Fully Paid","CT",0.554224181327771,1
"35",4000,4000," 36 months",1.98654095613736,"B","B2","RENT",3892,"Fully Paid","CA",0.753210881678734,1
"36",5500,5500," 36 months",6.17968279305973,"G","G3","RENT",2395,"Fully Paid","MO",0.362887181573524,0
"37",6400,6400," 36 months",4.29116853062904,"D","D5","MORTGAGE",5654,"Fully Paid","MI",0.56843330043124,1
"38",6000,6000," 36 months",1.59443418131065,"A","A5","RENT",7885,"Fully Paid","CA",0.79824495511446,1
"39",16800,16800," 60 months",2.81676703548983,"C","C3","MORTGAGE",7510,"Fully Paid","MN",0.610892221354506,1
"40",14150,14150," 60 months",3.20487272077749,"C","C5","MORTGAGE",5430,"Fully Paid","CO",0.572860083605594,1
"41",19200,19200," 60 months",3.01081987813366,"C","C4","MORTGAGE",8834,"Fully Paid","MI",0.592013903517723,1
"42",16800,16800," 60 months",2.39865317865931,"B","B5","RENT",3998,"Fully Paid","CO",0.612643071788524,1
"43",20000,20000," 36 months",2.39865317865931,"B","B5","OWN",6839,"Fully Paid","FL",0.741276979370275,1
"44",16000,16000," 60 months",1.88851426243068,"B","B1","MORTGAGE",7885,"Fully Paid","NY",0.696334397716407,1
"45",5500,5500," 36 months",1.59443418131065,"A","A5","MORTGAGE",525,"Fully Paid","IL",0.823429815160132,1
"46",12000,12000," 36 months",2.08456764984404,"B","B3","MORTGAGE",7095,"Fully Paid","TN",0.775637134827838,1
"47",14000,14000," 36 months",4.29116853062904,"D","D5","RENT",4506,"Fully Paid","TX",0.527737302120717,1
"48",6500,6500," 36 months",2.08456764984404,"B","B3","RENT",2725,"Fully Paid","FL",0.745740341955466,1
"49",14000,14000," 36 months",3.6129838537604,"D","D2","MORTGAGE",802,"Fully Paid","TX",0.63430747314337,1
"50",15000,15000," 36 months",2.08456764984404,"B","B3","MORTGAGE",525,"Fully Paid","PA",0.775637134827838,1
"51",2000,2000," 36 months",1.88851426243068,"B","B1","OWN",4854,"Fully Paid","NM",0.778971801913608,1
"52",25000,25000," 60 months",5.2614327438482,"E","E5","MORTGAGE",8226,"Fully Paid","TN",0.384887241118709,0
"53",2000,2000," 36 months",2.71874034178316,"C","C2","MORTGAGE",7002,"Fully Paid","KY",0.727296712049127,1
"54",10000,10000," 60 months",2.52468749913932,"C","C1","MORTGAGE",6634,"Fully Paid","OH",0.638675699579402,1
"55",8350,8350," 36 months",3.80703669640423,"D","D3","RENT",2107,"Charged Off","TX",0.576293259182813,0
"56",4000,4000," 36 months",3.01081987813366,"C","C4","MORTGAGE",2533,"Fully Paid","LA",0.703160469027136,1
"57",20000,20000," 36 months",2.71874034178316,"C","C2","MORTGAGE",233,"Fully Paid","MA",0.727296712049127,1
"58",12000,12000," 36 months",1.88851426243068,"B","B1","RENT",4854,"Fully Paid","FL",0.76053240865688,1
"59",10000,10000," 36 months",2.52468749913932,"C","C1","MORTGAGE",4506,"Fully Paid","TX",0.742636523220407,1
"60",11875,11875," 60 months",3.20487272077749,"C","C5","MORTGAGE",5106,"Fully Paid","CO",0.572860083605594,1
"61",35000,35000," 60 months",3.41893101111657,"D","D1","MORTGAGE",2400,"Fully Paid","IN",0.534796575498186,1
"62",22000,22000," 36 months",2.71874034178316,"C","C2","MORTGAGE",1283,"Fully Paid","VA",0.727296712049127,1
"63",20000,20000," 36 months",1.59443418131065,"A","A5","OWN",5654,"Fully Paid","OH",0.814488755343834,1
"64",11250,11250," 36 months",3.41893101111657,"D","D1","MORTGAGE",7422,"Fully Paid","NJ",0.652377910674733,1
"65",25000,25000," 36 months",1.41438515205349,"A","A2","RENT",993,"Fully Paid","CA",0.809758867558361,1
"66",6500,6500," 36 months",3.80703669640423,"D","D3","MORTGAGE",7256,"Fully Paid","CA",0.615850814501175,1
"67",3050,3050," 36 months",4.77730090962338,"E","E2","MORTGAGE",7349,"Charged Off","TN",0.554224181327771,0
"68",25200,25200," 60 months",2.52468749913932,"C","C1","MORTGAGE",1658,"Fully Paid","CA",0.638675699579402,1
"69",35000,35000," 36 months",3.20487272077749,"C","C5","MORTGAGE",2132,"Fully Paid","LA",0.686461134493951,1
"70",28000,28000," 60 months",3.41893101111657,"D","D1","MORTGAGE",1283,"Fully Paid","CA",0.534796575498186,1
"71",18000,18000," 60 months",3.20487272077749,"C","C5","MORTGAGE",5654,"Fully Paid","PA",0.572860083605594,1
"72",3500,3500," 36 months",1.98654095613736,"B","B2","RENT",329,"Fully Paid","CA",0.753210881678734,1
"73",12000,12000," 36 months",2.08456764984404,"B","B3","RENT",7510,"Fully Paid","MD",0.745740341955466,1
"74",21600,21600," 36 months",1.59443418131065,"A","A5","OWN",525,"Fully Paid","TX",0.814488755343834,1
"75",3000,3000," 36 months",1.88851426243068,"B","B1","OWN",6,"Fully Paid","MD",0.778971801913608,1
"76",24000,24000," 36 months",2.81676703548983,"C","C3","MORTGAGE",383,"Fully Paid","TX",0.719334031066105,1
"77",3500,3500," 36 months",1.98654095613736,"B","B2","MORTGAGE",3892,"Fully Paid","FL",0.782485472973867,1
"78",7000,7000," 36 months",1.98654095613736,"B","B2","MORTGAGE",6634,"Fully Paid","MN",0.782485472973867,1
"79",3425,3425," 36 months",3.6129838537604,"D","D2","RENT",5430,"Fully Paid","MI",0.595401860340457,1
"80",21000,21000," 36 months",2.08456764984404,"B","B3","MORTGAGE",2823,"Fully Paid","CA",0.775637134827838,1
"81",11000,11000," 36 months",1.98654095613736,"B","B2","MORTGAGE",8834,"Fully Paid","SC",0.782485472973867,1
"82",10000,10000," 36 months",2.71874034178316,"C","C2","MORTGAGE",8552,"Fully Paid","MA",0.727296712049127,1
"83",30000,30000," 60 months",3.80703669640423,"D","D3","OWN",569,"Fully Paid","MI",0.480400699420148,0
"84",1250,1250," 36 months",5.93961742071684,"F","F2","RENT",8226,"Fully Paid","TX",0.385444510349813,0
"85",10000,10000," 36 months",3.20487272077749,"C","C5","RENT",7964,"Fully Paid","CA",0.650042860185759,1
"86",5000,5000," 36 months",2.52468749913932,"C","C1","MORTGAGE",8834,"Fully Paid","OR",0.742636523220407,1
"87",10000,10000," 36 months",1.41438515205349,"A","A2","OWN",8492,"Fully Paid","FL",0.825278560673994,1
"88",5000,5000," 36 months",2.08456764984404,"B","B3","RENT",1442,"Fully Paid","PA",0.745740341955466,1
"89",9425,9425," 36 months",3.20487272077749,"C","C5","RENT",2269,"Fully Paid","NY",0.650042860185759,1
"90",2000,2000," 36 months",2.71874034178316,"C","C2","MORTGAGE",5048,"Fully Paid","OR",0.727296712049127,1
"91",7200,7200," 36 months",3.01081987813366,"C","C4","OWN",4506,"Fully Paid","MO",0.690418956672085,1
"92",8000,8000," 36 months",1.98654095613736,"B","B2","MORTGAGE",6170,"Fully Paid","MN",0.782485472973867,1
"93",3000,3000," 36 months",6.16968006921211,"G","G2","RENT",2822,"Charged Off","TX",0.36382641301768,0
"94",4200,4200," 36 months",2.18259434355072,"B","B4","MORTGAGE",6170,"Fully Paid","TN",0.768636933005483,1
"95",6400,6400," 36 months",2.18259434355072,"B","B4","RENT",6,"Fully Paid","CA",0.738122286802134,1
"96",16000,16000," 60 months",2.39865317865931,"B","B5","MORTGAGE",5654,"Fully Paid","NV",0.650862962171005,1
"97",20000,20000," 60 months",2.71874034178316,"C","C2","MORTGAGE",8226,"Fully Paid","CA",0.620307537481633,1
"98",17600,17600," 36 months",5.16540659491104,"E","E4","RENT",3892,"Fully Paid","NY",0.473978558448041,0
"99",5500,5500," 36 months",1.41438515205349,"A","A2","OWN",6170,"Fully Paid","NC",0.825278560673994,1
"100",10500,10500," 36 months",2.18259434355072,"B","B4","RENT",3892,"Fully Paid","CT",0.738122286802134,1
"101",20000,20000," 36 months",3.20487272077749,"C","C5","RENT",8552,"Fully Paid","CA",0.650042860185759,1
"102",3500,3500," 36 months",1.59443418131065,"A","A5","MORTGAGE",6346,"Fully Paid","FL",0.823429815160132,1
"103",3000,3000," 36 months",2.52468749913932,"C","C1","RENT",1928,"Fully Paid","FL",0.709986536008007,1
"104",14000,14000," 36 months",3.01081987813366,"C","C4","MORTGAGE",7510,"Fully Paid","FL",0.703160469027136,1
"105",2000,2000," 36 months",1.88851426243068,"B","B1","MORTGAGE",3572,"Fully Paid","KY",0.789181591753937,1
"106",16800,16800," 60 months",4.97135375226721,"E","E3","MORTGAGE",6170,"Fully Paid","FL",0.413113159368392,0
"107",34575,34575," 60 months",4.00108953904806,"D","D4","OWN",1711,"Fully Paid","RI",0.460779602715546,0
"108",24000,24000," 36 months",2.52468749913932,"C","C1","MORTGAGE",8834,"Fully Paid","CA",0.742636523220407,1
"109",16275,16275," 36 months",5.16540659491104,"E","E4","MORTGAGE",3572,"Fully Paid","ID",0.515050148288567,1
"110",16000,16000," 60 months",3.20487272077749,"C","C5","MORTGAGE",7095,"Fully Paid","KY",0.572860083605594,1
"111",14000,14000," 36 months",1.98654095613736,"B","B2","MORTGAGE",5430,"Fully Paid","GA",0.782485472973867,1
"112",25000,25000," 36 months",2.52468749913932,"C","C1","OWN",8147,"Fully Paid","PA",0.730941102889337,1
"113",28500,28500," 60 months",3.20487272077749,"C","C5","RENT",612,"Fully Paid","IL",0.532238014878904,1
"114",6000,6000," 36 months",1.88851426243068,"B","B1","MORTGAGE",7422,"Fully Paid","MN",0.789181591753937,1
"115",8000,8000," 36 months",2.08456764984404,"B","B3","MORTGAGE",8351,"Fully Paid","NY",0.775637134827838,1
"116",28000,28000," 60 months",5.16540659491104,"E","E4","MORTGAGE",6170,"Fully Paid","CA",0.394155553241528,0
"117",13000,13000," 36 months",2.08456764984404,"B","B3","MORTGAGE",7885,"Fully Paid","CA",0.775637134827838,1
"118",15000,15000," 36 months",2.18259434355072,"B","B4","MORTGAGE",8777,"Fully Paid","SC",0.768636933005483,1
"119",30000,30000," 36 months",4.97135375226721,"E","E3","MORTGAGE",383,"Fully Paid","TX",0.534690658369728,1
"120",15000,15000," 60 months",4.29116853062904,"D","D5","MORTGAGE",8434,"Fully Paid","OR",0.446546424241408,0
"121",22000,22000," 36 months",5.2614327438482,"E","E5","RENT",8552,"Fully Paid","OK",0.46427163504025,0
"122",10000,10000," 36 months",1.98654095613736,"B","B2","MORTGAGE",5106,"Fully Paid","CA",0.782485472973867,1
"123",2000,2000," 36 months",3.80703669640423,"D","D3","OWN",2358,"Fully Paid","NV",0.601485613836046,1
"124",12000,12000," 60 months",2.71874034178316,"C","C2","MORTGAGE",8729,"Fully Paid","CA",0.620307537481633,1
"125",10000,10000," 36 months",4.00108953904806,"D","D4","MORTGAGE",7510,"Charged Off","ND",0.597054388217032,0
"126",5500,5500," 36 months",1.88851426243068,"B","B1","RENT",6170,"Fully Paid","PA",0.76053240865688,1
"127",16000,16000," 60 months",3.01081987813366,"C","C4","MORTGAGE",6170,"Fully Paid","AZ",0.592013903517723,1
"128",6250,6250," 36 months",2.39865317865931,"B","B5","RENT",8832,"Fully Paid","CA",0.720819926162664,1
"129",19200,19200," 60 months",5.2614327438482,"E","E5","MORTGAGE",5106,"Fully Paid","NY",0.384887241118709,0
"130",2500,2500," 36 months",1.41438515205349,"A","A2","MORTGAGE",3449,"Fully Paid","VA",0.833805697467514,1
"131",12000,12000," 36 months",3.6129838537604,"D","D2","RENT",1283,"Fully Paid","CA",0.595401860340457,1
"132",25000,25000," 60 months",3.01081987813366,"C","C4","MORTGAGE",8226,"Fully Paid","NY",0.592013903517723,1
"133",15000,15000," 36 months",1.59443418131065,"A","A5","MORTGAGE",7510,"Fully Paid","PA",0.823429815160132,1
"134",3875,3875," 36 months",5.93961742071684,"F","F2","RENT",6634,"Charged Off","FL",0.385444510349813,0
"135",5500,5500," 36 months",2.81676703548983,"C","C3","RENT",7510,"Fully Paid","CA",0.684981812889925,1
"136",20000,20000," 36 months",1.98654095613736,"B","B2","MORTGAGE",863,"Fully Paid","NC",0.782485472973867,1
"137",5000,5000," 36 months",1.06428981738678,"A","A1","MORTGAGE",3486,"Fully Paid","IL",0.852575863929706,1
"138",29200,29200," 60 months",3.20487272077749,"C","C5","MORTGAGE",920,"Fully Paid","CA",0.572860083605594,1
"139",15000,15000," 36 months",2.81676703548983,"C","C3","MORTGAGE",3892,"Fully Paid","AZ",0.719334031066105,1
"140",12000,12000," 36 months",3.20487272077749,"C","C5","MORTGAGE",2067,"Fully Paid","TN",0.686461134493951,1
"141",3600,3600," 36 months",1.47040040560016,"A","A4","OWN",3143,"Fully Paid","CO",0.821975753225646,1
"142",35000,35000," 36 months",2.81676703548983,"C","C3","RENT",9103,"Fully Paid","FL",0.684981812889925,1
"143",3025,3025," 36 months",2.81676703548983,"C","C3","MORTGAGE",1199,"Fully Paid","GA",0.719334031066105,1
"144",5000,5000," 36 months",1.98654095613736,"B","B2","RENT",802,"Fully Paid","AR",0.753210881678734,1
"145",6000,6000," 36 months",2.18259434355072,"B","B4","RENT",3892,"Fully Paid","PA",0.738122286802134,1
"146",2800,2800," 36 months",2.39865317865931,"B","B5","RENT",5106,"Fully Paid","PA",0.720819926162664,1
"147",9000,9000," 36 months",2.18259434355072,"B","B4","RENT",5106,"Fully Paid","KY",0.738122286802134,1
"148",13000,13000," 36 months",3.20487272077749,"C","C5","RENT",6170,"Fully Paid","NY",0.650042860185759,1
"149",5300,5300," 36 months",1.47040040560016,"A","A4","MORTGAGE",5970,"Fully Paid","TX",0.830631000212066,1
"150",1000,1000," 36 months",2.39865317865931,"B","B5","MORTGAGE",3825,"Fully Paid","OR",0.752675141200262,1
"151",9500,9500," 36 months",2.71874034178316,"C","C2","MORTGAGE",6170,"Fully Paid","OH",0.727296712049127,1
"152",7000,7000," 36 months",4.00108953904806,"D","D4","RENT",1074,"Charged Off","NY",0.556953727092965,0
"153",1000,1000," 36 months",3.01081987813366,"C","C4","RENT",2,"Charged Off","SC",0.667743035194862,0
"154",11000,11000," 36 months",1.41438515205349,"A","A2","MORTGAGE",341,"Fully Paid","TX",0.833805697467514,1
"155",20000,20000," 36 months",3.01081987813366,"C","C4","MORTGAGE",6170,"Fully Paid","GA",0.703160469027136,1
"156",6000,6000," 36 months",1.06428981738678,"A","A1","MORTGAGE",6634,"Fully Paid","NJ",0.852575863929706,1
"157",4950,4950," 36 months",4.58324806697955,"E","E1","RENT",1520,"Fully Paid","AZ",0.532982426430157,1
"158",7000,7000," 36 months",1.98654095613736,"B","B2","MORTGAGE",5954,"Fully Paid","CA",0.782485472973867,1
"159",5000,5000," 36 months",2.71874034178316,"C","C2","RENT",3781,"Fully Paid","AL",0.693503830498052,1
"160",19125,19125," 36 months",3.6129838537604,"D","D2","OWN",4325,"Charged Off","IL",0.620206822252351,0
"161",3700,3700," 36 months",2.18259434355072,"B","B4","RENT",6634,"Fully Paid","PA",0.738122286802134,1
"162",20000,20000," 60 months",3.20487272077749,"C","C5","MORTGAGE",4618,"Fully Paid","FL",0.572860083605594,1
"163",3600,3600," 36 months",3.01081987813366,"C","C4","RENT",895,"Fully Paid","CA",0.667743035194862,1
"164",15000,15000," 36 months",2.52468749913932,"C","C1","MORTGAGE",6906,"Fully Paid","TX",0.742636523220407,1
"165",12000,12000," 60 months",4.29116853062904,"D","D5","MORTGAGE",1114,"Fully Paid","CA",0.446546424241408,0
"166",6000,6000," 36 months",2.08456764984404,"B","B3","RENT",2107,"Fully Paid","CO",0.745740341955466,1
"167",3200,3200," 36 months",3.01081987813366,"C","C4","RENT",3892,"Fully Paid","CA",0.667743035194862,1
"168",9000,9000," 36 months",1.47040040560016,"A","A4","RENT",8226,"Fully Paid","IL",0.806231568588276,1
"169",6800,6800," 36 months",1.59443418131065,"A","A5","OWN",6170,"Fully Paid","CA",0.814488755343834,1
"170",6000,6000," 36 months",1.41438515205349,"A","A2","OWN",3892,"Fully Paid","CA",0.825278560673994,1
"171",10000,10000," 36 months",2.39865317865931,"B","B5","RENT",3351,"Fully Paid","FL",0.720819926162664,1
"172",13000,13000," 36 months",2.71874034178316,"C","C2","RENT",6634,"Fully Paid","CT",0.693503830498052,1
"173",22500,22500," 36 months",2.08456764984404,"B","B3","OWN",7510,"Fully Paid","NC",0.764966750261519,1
"174",20125,20125," 36 months",2.81676703548983,"C","C3","RENT",4725,"Fully Paid","AZ",0.684981812889925,1
"175",4000,4000," 36 months",1.88851426243068,"B","B1","MORTGAGE",7885,"Fully Paid","IN",0.789181591753937,1
"176",3000,3000," 36 months",3.41893101111657,"D","D1","MORTGAGE",5932,"Fully Paid","KY",0.652377910674733,1
"177",25000,25000," 36 months",1.59443418131065,"A","A5","MORTGAGE",2486,"Fully Paid","NY",0.823429815160132,1
"178",10000,10000," 36 months",1.47040040560016,"A","A4","RENT",5654,"Fully Paid","NC",0.806231568588276,1
"179",1675,1675," 36 months",1.98654095613736,"B","B2","MORTGAGE",5311,"Fully Paid","MS",0.782485472973867,1
"180",15000,15000," 36 months",2.39865317865931,"B","B5","MORTGAGE",5323,"Fully Paid","TX",0.752675141200262,1
"181",2000,2000," 36 months",1.59443418131065,"A","A5","RENT",5758,"Fully Paid","IL",0.79824495511446,1
"182",2000,2000," 36 months",2.18259434355072,"B","B4","RENT",2107,"Fully Paid","TN",0.738122286802134,1
"183",5000,5000," 36 months",1.88851426243068,"B","B1","MORTGAGE",3143,"Fully Paid","WA",0.789181591753937,1
"184",35000,35000," 60 months",6.15967734536449,"G","G1","MORTGAGE",7885,"Fully Paid","OR",0.293088230539203,0
"185",4500,4500," 36 months",3.01081987813366,"C","C4","OWN",2107,"Fully Paid","LA",0.690418956672085,1
"186",6600,6600," 36 months",3.01081987813366,"C","C4","RENT",2107,"Fully Paid","TN",0.667743035194862,1
"187",6000,6000," 36 months",3.80703669640423,"D","D3","RENT",4586,"Charged Off","NC",0.576293259182813,0
"188",6025,6025," 36 months",1.44239277882683,"A","A3","RENT",6,"Fully Paid","MA",0.808001393425378,1
"189",20000,20000," 36 months",2.08456764984404,"B","B3","MORTGAGE",6906,"Fully Paid","WI",0.775637134827838,1
"190",5500,5500," 36 months",1.98654095613736,"B","B2","MORTGAGE",8998,"Fully Paid","CA",0.782485472973867,1
"191",35000,35000," 36 months",1.98654095613736,"B","B2","MORTGAGE",5107,"Fully Paid","CA",0.782485472973867,1
"192",12000,12000," 36 months",2.71874034178316,"C","C2","OWN",5758,"Fully Paid","FL",0.715171561308747,1
"193",10000,10000," 36 months",1.06428981738678,"A","A1","MORTGAGE",5106,"Fully Paid","TX",0.852575863929706,1
"194",27500,27500," 36 months",2.18259434355072,"B","B4","MORTGAGE",5654,"Fully Paid","SC",0.768636933005483,1
"195",16000,16000," 60 months",3.80703669640423,"D","D3","RENT",6,"Fully Paid","OR",0.454495927553143,0
"196",28000,28000," 36 months",1.98654095613736,"B","B2","MORTGAGE",6,"Fully Paid","TX",0.782485472973867,1
"197",25300,25300," 60 months",4.97135375226721,"E","E3","MORTGAGE",5654,"Fully Paid","NC",0.413113159368392,0
"198",2350,2350," 36 months",4.29116853062904,"D","D5","MORTGAGE",1853,"Fully Paid","MI",0.56843330043124,1
"199",3000,3000," 36 months",2.52468749913932,"C","C1","MORTGAGE",6612,"Fully Paid","TX",0.742636523220407,1
"200",4000,4000," 36 months",2.18259434355072,"B","B4","RENT",217,"Fully Paid","PA",0.738122286802134,1
"201",8000,8000," 36 months",1.44239277882683,"A","A3","MORTGAGE",6328,"Fully Paid","CA",0.832224343996477,1
"202",25000,25000," 60 months",2.08456764984404,"B","B3","MORTGAGE",301,"Fully Paid","MA",0.679249230713308,1
"203",2700,2700," 36 months",2.39865317865931,"B","B5","RENT",6170,"Fully Paid","CA",0.720819926162664,1
"204",5000,5000," 36 months",2.18259434355072,"B","B4","MORTGAGE",7095,"Fully Paid","FL",0.768636933005483,1
"205",35000,35000," 60 months",2.81676703548983,"C","C3","MORTGAGE",6,"Fully Paid","UT",0.610892221354506,1
"206",3500,3500," 36 months",2.52468749913932,"C","C1","RENT",7095,"Fully Paid","PA",0.709986536008007,1
"207",30000,30000," 36 months",4.00108953904806,"D","D4","MORTGAGE",2822,"Fully Paid","AZ",0.597054388217032,1
"208",11200,11200," 36 months",1.47040040560016,"A","A4","RENT",6634,"Fully Paid","CA",0.806231568588276,1
"209",15000,15000," 36 months",1.59443418131065,"A","A5","MORTGAGE",920,"Fully Paid","CA",0.823429815160132,1
"210",20000,20000," 36 months",4.00108953904806,"D","D4","MORTGAGE",383,"Fully Paid","IL",0.597054388217032,1
"211",32000,32000," 60 months",3.80703669640423,"D","D3","MORTGAGE",8552,"Fully Paid","IL",0.495469463168495,0
"212",21000,21000," 60 months",3.01081987813366,"C","C4","MORTGAGE",6634,"Fully Paid","CO",0.592013903517723,1
"213",20000,20000," 36 months",4.77730090962338,"E","E2","MORTGAGE",1734,"Fully Paid","CA",0.554224181327771,1
"214",7000,7000," 36 months",3.01081987813366,"C","C4","MORTGAGE",7095,"Fully Paid","VA",0.703160469027136,1
"215",12000,12000," 36 months",1.41438515205349,"A","A2","MORTGAGE",7349,"Fully Paid","OR",0.833805697467514,1
"216",16000,16000," 36 months",3.80703669640423,"D","D3","RENT",7920,"Fully Paid","SC",0.576293259182813,1
"217",40000,40000," 36 months",1.47040040560016,"A","A4","MORTGAGE",1341,"Fully Paid","TN",0.830631000212066,1
"218",35000,35000," 36 months",3.80703669640423,"D","D3","MORTGAGE",1521,"Fully Paid","CA",0.615850814501175,1
"219",5000,5000," 36 months",1.88851426243068,"B","B1","MORTGAGE",2358,"Fully Paid","CA",0.789181591753937,1
"220",5000,5000," 36 months",2.81676703548983,"C","C3","MORTGAGE",5654,"Fully Paid","MI",0.719334031066105,1
"221",13500,13500," 36 months",2.08456764984404,"B","B3","RENT",7358,"Fully Paid","OR",0.745740341955466,1
"222",35000,35000," 36 months",1.06428981738678,"A","A1","MORTGAGE",1236,"Fully Paid","CA",0.852575863929706,1
"223",16000,16000," 60 months",3.01081987813366,"C","C4","MORTGAGE",4854,"Fully Paid","OH",0.592013903517723,1
"224",22000,22000," 60 months",5.2614327438482,"E","E5","MORTGAGE",8226,"Fully Paid","NC",0.384887241118709,0
"225",2500,2500," 36 months",4.00108953904806,"D","D4","OWN",8147,"Fully Paid","AL",0.582462846058549,1
"226",6800,6800," 36 months",3.01081987813366,"C","C4","MORTGAGE",2943,"Fully Paid","AR",0.703160469027136,1
"227",4000,4000," 36 months",2.52468749913932,"C","C1","RENT",3892,"Fully Paid","OH",0.709986536008007,1
"228",24000,24000," 36 months",3.20487272077749,"C","C5","MORTGAGE",1283,"Fully Paid","FL",0.686461134493951,1
"229",5000,5000," 36 months",1.41438515205349,"A","A2","MORTGAGE",775,"Fully Paid","IN",0.833805697467514,1
"230",2000,2000," 36 months",3.20487272077749,"C","C5","OWN",3726,"Fully Paid","VA",0.673335822410204,1
"231",31800,31800," 36 months",5.93961742071684,"F","F2","RENT",1220,"Charged Off","CA",0.385444510349813,0
"232",20000,20000," 60 months",2.71874034178316,"C","C2","MORTGAGE",1372,"Fully Paid","IL",0.620307537481633,1
"233",5100,5100," 36 months",6.13166971859115,"F","F4","MORTGAGE",6873,"Fully Paid","IN",0.406112804597866,0
"234",24000,24000," 60 months",3.01081987813366,"C","C4","MORTGAGE",3892,"Fully Paid","AZ",0.592013903517723,1
"235",12000,12000," 36 months",2.08456764984404,"B","B3","RENT",3892,"Fully Paid","CA",0.745740341955466,1
"236",1000,1000," 36 months",3.6129838537604,"D","D2","RENT",2358,"Fully Paid","OH",0.595401860340457,1
"237",8000,8000," 36 months",2.52468749913932,"C","C1","RENT",3669,"Fully Paid","NJ",0.709986536008007,1
"238",3000,3000," 36 months",3.01081987813366,"C","C4","MORTGAGE",1114,"Fully Paid","TN",0.703160469027136,1
"239",18175,18175," 36 months",3.01081987813366,"C","C4","MORTGAGE",553,"Fully Paid","GA",0.703160469027136,1
"240",6000,6000," 36 months",1.98654095613736,"B","B2","MORTGAGE",6249,"Fully Paid","TN",0.782485472973867,1
"241",8000,8000," 36 months",2.71874034178316,"C","C2","RENT",6634,"Fully Paid","NJ",0.693503830498052,1
"242",4000,4000," 36 months",3.41893101111657,"D","D1","OWN",123,"Fully Paid","NY",0.638577017774173,1
"243",7500,7500," 36 months",1.98654095613736,"B","B2","MORTGAGE",8676,"Fully Paid","MN",0.782485472973867,1
"244",20000,20000," 36 months",1.06428981738678,"A","A1","MORTGAGE",1283,"Fully Paid","CA",0.852575863929706,1
"245",19200,19200," 60 months",3.01081987813366,"C","C4","MORTGAGE",1372,"Fully Paid","IL",0.592013903517723,1
"246",8000,8000," 36 months",2.81676703548983,"C","C3","RENT",6,"Fully Paid","CA",0.684981812889925,1
"247",20000,20000," 60 months",2.52468749913932,"C","C1","OWN",5866,"Fully Paid","CA",0.624643810365013,1
"248",19200,19200," 60 months",3.01081987813366,"C","C4","OWN",1658,"Fully Paid","IL",0.577369037940852,1
"249",7000,7000," 36 months",2.39865317865931,"B","B5","OWN",3143,"Fully Paid","FL",0.741276979370275,1
"250",15000,15000," 36 months",2.18259434355072,"B","B4","MORTGAGE",7587,"Fully Paid","GA",0.768636933005483,1
"251",12000,12000," 36 months",1.59443418131065,"A","A5","MORTGAGE",6906,"Fully Paid","CA",0.823429815160132,1
"252",9500,9500," 36 months",1.47040040560016,"A","A4","MORTGAGE",7510,"Fully Paid","CA",0.830631000212066,1
"253",6000,6000," 36 months",1.06428981738678,"A","A1","RENT",5106,"Fully Paid","MA",0.830693443312712,1
"254",15500,15500," 60 months",3.20487272077749,"C","C5","MORTGAGE",7885,"Fully Paid","GA",0.572860083605594,1
"255",3200,3200," 36 months",5.16540659491104,"E","E4","RENT",5381,"Fully Paid","KS",0.473978558448041,0
"256",20000,20000," 60 months",2.81676703548983,"C","C3","MORTGAGE",5323,"Fully Paid","NY",0.610892221354506,1
"257",14000,14000," 36 months",3.20487272077749,"C","C5","MORTGAGE",8226,"Fully Paid","MA",0.686461134493951,1
"258",15000,15000," 60 months",3.20487272077749,"C","C5","MORTGAGE",7885,"Fully Paid","FL",0.572860083605594,1
"259",5000,5000," 36 months",1.59443418131065,"A","A5","MORTGAGE",4120,"Fully Paid","VT",0.823429815160132,1
"260",10000,10000," 36 months",3.20487272077749,"C","C5","MORTGAGE",1283,"Fully Paid","AL",0.686461134493951,1
"261",3150,3150," 36 months",1.47040040560016,"A","A4","RENT",3892,"Fully Paid","TX",0.806231568588276,1
"262",28000,28000," 60 months",4.29116853062904,"D","D5","MORTGAGE",140,"Fully Paid","NY",0.446546424241408,0
"263",4000,4000," 36 months",1.59443418131065,"A","A5","RENT",5106,"Fully Paid","TX",0.79824495511446,1
"264",3975,3975," 36 months",1.88851426243068,"B","B1","MORTGAGE",4506,"Fully Paid","TN",0.789181591753937,1
"265",8000,8000," 36 months",2.08456764984404,"B","B3","RENT",4506,"Charged Off","CA",0.745740341955466,0
"266",6775,6775," 36 months",5.16540659491104,"E","E4","MORTGAGE",6906,"Fully Paid","WI",0.515050148288567,1
"267",29000,29000," 36 months",3.01081987813366,"C","C4","RENT",6170,"Fully Paid","NJ",0.667743035194862,1
"268",6000,6000," 36 months",1.59443418131065,"A","A5","MORTGAGE",3351,"Fully Paid","MS",0.823429815160132,1
"269",40000,40000," 36 months",3.01081987813366,"C","C4","MORTGAGE",2122,"Fully Paid","MI",0.703160469027136,1
"270",30000,30000," 36 months",4.29116853062904,"D","D5","MORTGAGE",383,"Fully Paid","TX",0.56843330043124,1
"271",30000,30000," 60 months",2.52468749913932,"C","C1","MORTGAGE",1055,"Fully Paid","CA",0.638675699579402,1
"272",6000,6000," 36 months",3.41893101111657,"D","D1","RENT",4065,"Fully Paid","CO",0.614225565222711,1
"273",10500,10500," 60 months",2.08456764984404,"B","B3","OWN",3952,"Fully Paid","NY",0.665968920961493,1
"274",27600,27600," 36 months",1.88851426243068,"B","B1","RENT",669,"Fully Paid","AZ",0.76053240865688,1
"275",7800,7800," 36 months",2.08456764984404,"B","B3","MORTGAGE",3892,"Fully Paid","IL",0.775637134827838,1
"276",5500,5500," 36 months",2.71874034178316,"C","C2","RENT",7095,"Fully Paid","AZ",0.693503830498052,1
"277",3025,3025," 36 months",3.01081987813366,"C","C4","OWN",7095,"Fully Paid","NJ",0.690418956672085,1
"278",28000,28000," 60 months",1.98654095613736,"B","B2","MORTGAGE",992,"Fully Paid","NY",0.687855659040976,1
"279",18000,18000," 36 months",3.20487272077749,"C","C5","MORTGAGE",6,"Fully Paid","NY",0.686461134493951,1
"280",4000,4000," 36 months",4.58324806697955,"E","E1","MORTGAGE",8147,"Fully Paid","GA",0.57359164075985,1
"281",16000,16000," 36 months",2.71874034178316,"C","C2","RENT",8226,"Fully Paid","NY",0.693503830498052,1
"282",8400,8400," 36 months",2.18259434355072,"B","B4","OWN",3352,"Fully Paid","OH",0.757737612743748,1
"283",4800,4800," 36 months",3.41893101111657,"D","D1","RENT",2023,"Fully Paid","MO",0.614225565222711,1
"284",26400,26400," 60 months",5.2614327438482,"E","E5","MORTGAGE",7177,"Fully Paid","MA",0.384887241118709,0
"285",7000,7000," 36 months",1.88851426243068,"B","B1","OWN",3351,"Fully Paid","AR",0.778971801913608,1
"286",6000,6000," 36 months",1.44239277882683,"A","A3","MORTGAGE",1283,"Fully Paid","IL",0.832224343996477,1
"287",12000,12000," 60 months",3.01081987813366,"C","C4","MORTGAGE",7095,"Fully Paid","OR",0.592013903517723,1
"288",10000,10000," 36 months",1.44239277882683,"A","A3","MORTGAGE",8226,"Fully Paid","CA",0.832224343996477,1
"289",13000,13000," 36 months",2.39865317865931,"B","B5","MORTGAGE",920,"Fully Paid","CT",0.752675141200262,1
"290",14000,14000," 36 months",1.44239277882683,"A","A3","RENT",1854,"Fully Paid","NM",0.808001393425378,1
"291",5500,5500," 36 months",2.52468749913932,"C","C1","OWN",3023,"Fully Paid","MN",0.730941102889337,1
"292",1000,1000," 36 months",2.18259434355072,"B","B4","OWN",3892,"Fully Paid","RI",0.757737612743748,1
"293",12500,12500," 36 months",2.18259434355072,"B","B4","MORTGAGE",5430,"Fully Paid","NY",0.768636933005483,1
"294",3600,3600," 36 months",3.20487272077749,"C","C5","MORTGAGE",8552,"Fully Paid","IL",0.686461134493951,1
"295",8400,8400," 36 months",2.39865317865931,"B","B5","MORTGAGE",6634,"Fully Paid","CA",0.752675141200262,1
"296",7625,7625," 36 months",4.77730090962338,"E","E2","RENT",4120,"Fully Paid","NY",0.513335439965789,1
"297",30000,30000," 36 months",1.88851426243068,"B","B1","RENT",6634,"Fully Paid","VA",0.76053240865688,1
"298",10000,10000," 60 months",2.71874034178316,"C","C2","MORTGAGE",6634,"Fully Paid","TX",0.620307537481633,1
"299",3000,3000," 36 months",3.6129838537604,"D","D2","MORTGAGE",4618,"Fully Paid","NY",0.63430747314337,1
"300",12000,12000," 36 months",1.59443418131065,"A","A5","RENT",4854,"Fully Paid","NJ",0.79824495511446,1
"301",27350,27350," 36 months",6.16968006921211,"G","G2","OWN",7256,"Fully Paid","PA",0.388241347507605,0
"302",10000,10000," 60 months",5.2614327438482,"E","E5","OWN",1550,"Fully Paid","WA",0.370710507873947,0
"303",4400,4400," 36 months",4.29116853062904,"D","D5","OWN",919,"Fully Paid","IL",0.553580270183419,1
"304",18000,18000," 60 months",2.71874034178316,"C","C2","MORTGAGE",8008,"Fully Paid","CA",0.620307537481633,1
"305",6000,6000," 36 months",2.81676703548983,"C","C3","MORTGAGE",4389,"Fully Paid","FL",0.719334031066105,1
"306",5000,5000," 36 months",2.71874034178316,"C","C2","MORTGAGE",6170,"Fully Paid","GA",0.727296712049127,1
"307",9600,9600," 36 months",2.18259434355072,"B","B4","RENT",3302,"Fully Paid","MI",0.738122286802134,1
"308",12000,12000," 60 months",3.20487272077749,"C","C5","MORTGAGE",6170,"Fully Paid","CA",0.572860083605594,1
"309",15000,15000," 36 months",1.41438515205349,"A","A2","RENT",669,"Fully Paid","KS",0.809758867558361,1
"310",25225,25225," 36 months",6.035643569654,"F","F3","MORTGAGE",5654,"Fully Paid","IL",0.415546944688062,0
"311",10000,10000," 36 months",3.20487272077749,"C","C5","RENT",3304,"Fully Paid","MA",0.650042860185759,1
"312",12000,12000," 36 months",3.01081987813366,"C","C4","MORTGAGE",6170,"Fully Paid","IN",0.703160469027136,1
"313",9800,9800," 36 months",1.44239277882683,"A","A3","OWN",553,"Fully Paid","FL",0.823633232745151,1
"314",7200,7200," 36 months",2.81676703548983,"C","C3","MORTGAGE",9066,"Fully Paid","NV",0.719334031066105,1
"315",34000,34000," 36 months",2.81676703548983,"C","C3","MORTGAGE",920,"Fully Paid","NY",0.719334031066105,1
"316",9300,9300," 36 months",3.20487272077749,"C","C5","OWN",5106,"Fully Paid","OH",0.673335822410204,1
"317",4000,4000," 36 months",2.08456764984404,"B","B3","RENT",3143,"Fully Paid","CT",0.745740341955466,1
"318",17575,17575," 36 months",4.77730090962338,"E","E2","MORTGAGE",5654,"Fully Paid","GA",0.554224181327771,1
"319",4000,4000," 36 months",1.98654095613736,"B","B2","RENT",5654,"Fully Paid","CA",0.753210881678734,1
"320",8500,8500," 36 months",3.01081987813366,"C","C4","RENT",7095,"Fully Paid","CA",0.667743035194862,1
"321",9600,9600," 36 months",2.08456764984404,"B","B3","MORTGAGE",5323,"Fully Paid","TN",0.775637134827838,1
"322",5000,5000," 36 months",3.6129838537604,"D","D2","MORTGAGE",8492,"Fully Paid","CA",0.63430747314337,1
"323",6700,6700," 36 months",2.08456764984404,"B","B3","MORTGAGE",5430,"Fully Paid","OH",0.775637134827838,1
"324",18000,18000," 60 months",2.81676703548983,"C","C3","MORTGAGE",7256,"Fully Paid","GA",0.610892221354506,1
"325",5500,5500," 36 months",1.41438515205349,"A","A2","MORTGAGE",3484,"Fully Paid","FL",0.833805697467514,1
"326",35000,35000," 60 months",2.71874034178316,"C","C2","RENT",365,"Fully Paid","TN",0.580896597254616,1
"327",6000,6000," 36 months",3.6129838537604,"D","D2","RENT",3892,"Fully Paid","NY",0.595401860340457,1
"328",15000,15000," 36 months",4.97135375226721,"E","E3","MORTGAGE",5034,"Fully Paid","NC",0.534690658369728,1
"329",12000,12000," 36 months",2.18259434355072,"B","B4","RENT",5106,"Fully Paid","AZ",0.738122286802134,1
"330",6000,6000," 36 months",2.71874034178316,"C","C2","MORTGAGE",5106,"Fully Paid","NY",0.727296712049127,1
"331",2400,2400," 36 months",1.41438515205349,"A","A2","MORTGAGE",5106,"Fully Paid","NY",0.833805697467514,1
"332",7000,7000," 36 months",2.81676703548983,"C","C3","MORTGAGE",7728,"Fully Paid","IN",0.719334031066105,1
"333",14000,14000," 60 months",1.98654095613736,"B","B2","RENT",4065,"Fully Paid","TX",0.651517134048719,1
"334",2525,2525," 36 months",5.16540659491104,"E","E4","MORTGAGE",2927,"Fully Paid","LA",0.515050148288567,1
"335",15000,15000," 60 months",1.88851426243068,"B","B1","RENT",920,"Fully Paid","NJ",0.660495749932878,1
"336",10000,10000," 36 months",5.16540659491104,"E","E4","RENT",7095,"Fully Paid","MA",0.473978558448041,0
"337",2200,2200," 36 months",3.6129838537604,"D","D2","RENT",6634,"Fully Paid","TX",0.595401860340457,1
"338",8000,8000," 36 months",2.18259434355072,"B","B4","RENT",7885,"Fully Paid","NY",0.738122286802134,1
"339",8500,8500," 36 months",3.6129838537604,"D","D2","RENT",4268,"Fully Paid","NM",0.595401860340457,1
"340",10000,10000," 36 months",3.20487272077749,"C","C5","MORTGAGE",1928,"Fully Paid","NJ",0.686461134493951,1
"341",40000,40000," 60 months",4.97135375226721,"E","E3","MORTGAGE",329,"Fully Paid","GA",0.413113159368392,0
"342",8000,8000," 36 months",2.39865317865931,"B","B5","OWN",7422,"Fully Paid","NY",0.741276979370275,1
"343",14400,14400," 60 months",2.18259434355072,"B","B4","MORTGAGE",7199,"Fully Paid","MA",0.670519170460548,1
"344",40000,40000," 60 months",5.16540659491104,"E","E4","MORTGAGE",9077,"Fully Paid","CA",0.394155553241528,0
"345",16000,16000," 36 months",1.47040040560016,"A","A4","MORTGAGE",7510,"Fully Paid","AL",0.830631000212066,1
"346",4500,4500," 36 months",4.77730090962338,"E","E2","OWN",8008,"Fully Paid","TX",0.53927848559376,1
"347",20000,20000," 60 months",2.81676703548983,"C","C3","RENT",6170,"Fully Paid","AR",0.571179597133793,1
"348",1525,1525," 36 months",1.88851426243068,"B","B1","RENT",4065,"Fully Paid","NY",0.76053240865688,1
"349",8000,8000," 36 months",1.59443418131065,"A","A5","MORTGAGE",5654,"Fully Paid","NE",0.823429815160132,1
"350",10000,10000," 60 months",1.59443418131065,"A","A5","MORTGAGE",802,"Fully Paid","TX",0.740710269244175,1
"351",29875,29875," 36 months",6.16968006921211,"G","G2","MORTGAGE",7885,"Fully Paid","IL",0.402659521657418,0
"352",25200,25200," 60 months",2.39865317865931,"B","B5","MORTGAGE",726,"Fully Paid","GA",0.650862962171005,1
"353",2400,2400," 36 months",1.47040040560016,"A","A4","MORTGAGE",7510,"Fully Paid","CA",0.830631000212066,1
"354",20000,20000," 60 months",1.88851426243068,"B","B1","MORTGAGE",8226,"Fully Paid","CA",0.696334397716407,1
"355",1400,1400," 36 months",3.80703669640423,"D","D3","MORTGAGE",3998,"Fully Paid","CA",0.615850814501175,1
"356",22875,22875," 36 months",5.93961742071684,"F","F2","RENT",5323,"Fully Paid","CA",0.385444510349813,0
"357",20000,20000," 36 months",3.20487272077749,"C","C5","MORTGAGE",7095,"Fully Paid","IN",0.686461134493951,1
"358",15000,15000," 36 months",3.01081987813366,"C","C4","MORTGAGE",8676,"Fully Paid","AR",0.703160469027136,1
"359",25000,25000," 36 months",1.44239277882683,"A","A3","MORTGAGE",1658,"Fully Paid","CA",0.832224343996477,1
"360",20000,20000," 36 months",1.41438515205349,"A","A2","RENT",2192,"Fully Paid","CA",0.809758867558361,1
"361",8000,8000," 36 months",6.16968006921211,"G","G2","RENT",8834,"Charged Off","IL",0.36382641301768,0
"362",16800,16800," 60 months",6.17968279305973,"G","G3","RENT",4618,"Fully Paid","NJ",0.258658798038464,0
"363",10000,10000," 36 months",1.88851426243068,"B","B1","MORTGAGE",7885,"Fully Paid","CA",0.789181591753937,1
"364",16000,16000," 60 months",3.80703669640423,"D","D3","MORTGAGE",6,"Fully Paid","NC",0.495469463168495,0
"365",15000,15000," 60 months",3.20487272077749,"C","C5","MORTGAGE",6135,"Fully Paid","TN",0.572860083605594,1
"366",10000,10000," 36 months",4.29116853062904,"D","D5","MORTGAGE",2822,"Fully Paid","TN",0.56843330043124,1
"367",3000,3000," 36 months",3.80703669640423,"D","D3","OWN",4854,"Fully Paid","FL",0.601485613836046,1
"368",10000,10000," 36 months",4.58324806697955,"E","E1","MORTGAGE",525,"Fully Paid","SC",0.57359164075985,1
"369",3000,3000," 36 months",2.39865317865931,"B","B5","MORTGAGE",7095,"Fully Paid","HI",0.752675141200262,1
"370",13600,13600," 36 months",4.29116853062904,"D","D5","MORTGAGE",6,"Fully Paid","FL",0.56843330043124,1
"371",24000,24000," 60 months",3.20487272077749,"C","C5","OWN",7510,"Fully Paid","TX",0.5580409516639,1
"372",32000,32000," 36 months",1.98654095613736,"B","B2","RENT",8834,"Fully Paid","CA",0.753210881678734,1
"373",15000,15000," 36 months",3.6129838537604,"D","D2","RENT",3449,"Fully Paid","NJ",0.595401860340457,1
"374",35000,35000," 36 months",1.44239277882683,"A","A3","MORTGAGE",2359,"Fully Paid","NY",0.832224343996477,1
"375",3000,3000," 36 months",2.18259434355072,"B","B4","RENT",217,"Fully Paid","NH",0.738122286802134,1
"376",4800,4800," 36 months",2.81676703548983,"C","C3","RENT",920,"Fully Paid","WA",0.684981812889925,1
"377",19200,19200," 60 months",1.98654095613736,"B","B2","RENT",920,"Fully Paid","NC",0.651517134048719,1
"378",35000,35000," 36 months",3.41893101111657,"D","D1","MORTGAGE",1658,"Fully Paid","CO",0.652377910674733,1
"379",12600,12600," 60 months",5.2614327438482,"E","E5","MORTGAGE",4087,"Fully Paid","CA",0.384887241118709,0
"380",40000,40000," 36 months",1.88851426243068,"B","B1","MORTGAGE",7687,"Fully Paid","WA",0.789181591753937,1
"381",9875,9875," 36 months",2.52468749913932,"C","C1","MORTGAGE",6170,"Fully Paid","NY",0.742636523220407,1
"382",16000,16000," 36 months",1.88851426243068,"B","B1","OWN",7095,"Fully Paid","CA",0.778971801913608,1
"383",35000,35000," 36 months",2.81676703548983,"C","C3","MORTGAGE",2359,"Fully Paid","VA",0.719334031066105,1
"384",2000,2000," 36 months",3.01081987813366,"C","C4","RENT",4506,"Fully Paid","CA",0.667743035194862,1
"385",6500,6500," 36 months",1.59443418131065,"A","A5","RENT",7587,"Fully Paid","HI",0.79824495511446,1
"386",6000,6000," 36 months",1.41438515205349,"A","A2","MORTGAGE",7095,"Fully Paid","MO",0.833805697467514,1
"387",33500,33500," 36 months",4.77730090962338,"E","E2","OWN",6199,"Fully Paid","FL",0.53927848559376,1
"388",30000,30000," 60 months",5.2614327438482,"E","E5","RENT",446,"Fully Paid","CA",0.346773101083492,0
"389",7200,7200," 36 months",4.77730090962338,"E","E2","RENT",1927,"Fully Paid","NY",0.513335439965789,1
"390",11200,11200," 60 months",5.2614327438482,"E","E5","MORTGAGE",5106,"Fully Paid","TX",0.384887241118709,0
"391",30000,30000," 60 months",2.08456764984404,"B","B3","MORTGAGE",1155,"Fully Paid","CT",0.679249230713308,1
"392",6000,6000," 36 months",2.52468749913932,"C","C1","MORTGAGE",7687,"Fully Paid","MD",0.742636523220407,1
"393",2000,2000," 36 months",3.6129838537604,"D","D2","MORTGAGE",5323,"Fully Paid","KY",0.63430747314337,1
"394",6000,6000," 36 months",1.06428981738678,"A","A1","MORTGAGE",6454,"Fully Paid","LA",0.852575863929706,1
"395",28000,28000," 60 months",3.01081987813366,"C","C4","MORTGAGE",6170,"Fully Paid","TX",0.592013903517723,1
"396",1200,1200," 36 months",4.58324806697955,"E","E1","MORTGAGE",8552,"Fully Paid","NY",0.57359164075985,1
"397",7000,7000," 36 months",2.18259434355072,"B","B4","RENT",3023,"Fully Paid","NJ",0.738122286802134,1
"398",4000,4000," 36 months",1.06428981738678,"A","A1","MORTGAGE",6634,"Fully Paid","MI",0.852575863929706,1
"399",40000,40000," 36 months",3.80703669640423,"D","D3","MORTGAGE",181,"Fully Paid","CA",0.615850814501175,1
"400",35000,35000," 36 months",4.58324806697955,"E","E1","RENT",4776,"Fully Paid","PA",0.532982426430157,1
"401",12000,12000," 60 months",4.29116853062904,"D","D5","MORTGAGE",4049,"Fully Paid","SD",0.446546424241408,0
"402",6000,6000," 36 months",3.01081987813366,"C","C4","RENT",4506,"Fully Paid","OR",0.667743035194862,1
"403",5000,5000," 36 months",6.17968279305973,"G","G3","RENT",1604,"Fully Paid","OR",0.362887181573524,0
"404",1325,1325," 36 months",5.2614327438482,"E","E5","OWN",1442,"Fully Paid","TX",0.490232861458126,0
"405",12000,12000," 36 months",1.59443418131065,"A","A5","MORTGAGE",4120,"Fully Paid","GA",0.823429815160132,1
"406",40000,40000," 36 months",1.98654095613736,"B","B2","MORTGAGE",1969,"Fully Paid","GA",0.782485472973867,1
"407",5500,5500," 36 months",2.71874034178316,"C","C2","MORTGAGE",5654,"Fully Paid","CO",0.727296712049127,1
"408",5400,5400," 36 months",2.18259434355072,"B","B4","MORTGAGE",2725,"Fully Paid","AZ",0.768636933005483,1
"409",7500,7500," 36 months",2.18259434355072,"B","B4","OWN",2623,"Fully Paid","PA",0.757737612743748,1
"410",16500,16500," 36 months",2.18259434355072,"B","B4","OWN",7648,"Fully Paid","NJ",0.757737612743748,1
"411",5875,5875," 36 months",2.71874034178316,"C","C2","OWN",8552,"Charged Off","NC",0.715171561308747,0
"412",13675,13675," 36 months",4.29116853062904,"D","D5","RENT",3669,"Fully Paid","IL",0.527737302120717,1
"413",5000,5000," 36 months",1.59443418131065,"A","A5","MORTGAGE",181,"Fully Paid","MA",0.823429815160132,1
"414",18175,18175," 36 months",3.80703669640423,"D","D3","MORTGAGE",1928,"Fully Paid","CO",0.615850814501175,1
"415",27000,27000," 60 months",5.2614327438482,"E","E5","MORTGAGE",1114,"Fully Paid","WA",0.384887241118709,0
"416",8000,8000," 36 months",2.08456764984404,"B","B3","MORTGAGE",8676,"Fully Paid","NJ",0.775637134827838,1
"417",14250,14250," 36 months",4.77730090962338,"E","E2","RENT",5106,"Fully Paid","CA",0.513335439965789,1
"418",4000,4000," 36 months",1.98654095613736,"B","B2","MORTGAGE",6142,"Fully Paid","CO",0.782485472973867,1
"419",4000,4000," 36 months",2.71874034178316,"C","C2","RENT",4506,"Fully Paid","AZ",0.693503830498052,1
"420",6000,6000," 36 months",3.6129838537604,"D","D2","MORTGAGE",8352,"Fully Paid","MO",0.63430747314337,1
"421",3000,3000," 36 months",2.81676703548983,"C","C3","OWN",8617,"Fully Paid","FL",0.706997468890347,1
"422",5000,5000," 36 months",3.80703669640423,"D","D3","RENT",3023,"Charged Off","IL",0.576293259182813,0
"423",12750,12750," 36 months",4.97135375226721,"E","E3","RENT",3615,"Fully Paid","KY",0.493647157295125,0
"424",1600,1600," 36 months",1.59443418131065,"A","A5","OWN",6554,"Fully Paid","TX",0.814488755343834,1
"425",5000,5000," 36 months",3.6129838537604,"D","D2","MORTGAGE",5866,"Fully Paid","CA",0.63430747314337,1
"426",18000,18000," 36 months",1.41438515205349,"A","A2","MORTGAGE",9066,"Fully Paid","IL",0.833805697467514,1
"427",18400,18400," 36 months",3.41893101111657,"D","D1","OWN",3892,"Fully Paid","PA",0.638577017774173,1
"428",4000,4000," 36 months",2.08456764984404,"B","B3","MORTGAGE",2808,"Fully Paid","GA",0.775637134827838,1
"429",12000,12000," 60 months",1.88851426243068,"B","B1","MORTGAGE",8940,"Fully Paid","PA",0.696334397716407,1
"430",12000,12000," 36 months",2.18259434355072,"B","B4","RENT",6170,"Fully Paid","NJ",0.738122286802134,1
"431",2275,2275," 36 months",5.2614327438482,"E","E5","OWN",1341,"Fully Paid","NY",0.490232861458126,0
"432",5600,5600," 36 months",1.47040040560016,"A","A4","RENT",5970,"Fully Paid","CA",0.806231568588276,1
"433",35000,35000," 36 months",2.39865317865931,"B","B5","MORTGAGE",1199,"Fully Paid","IN",0.752675141200262,1
"434",3500,3500," 36 months",3.41893101111657,"D","D1","RENT",3257,"Fully Paid","CA",0.614225565222711,1
"435",5000,5000," 36 months",3.6129838537604,"D","D2","MORTGAGE",3669,"Fully Paid","WA",0.63430747314337,1
"436",2400,2400," 36 months",3.20487272077749,"C","C5","MORTGAGE",57,"Fully Paid","MO",0.686461134493951,1
"437",35000,35000," 60 months",3.6129838537604,"D","D2","RENT",1873,"Fully Paid","CO",0.474084702386429,0
"438",9600,9600," 36 months",1.88851426243068,"B","B1","RENT",7510,"Fully Paid","ND",0.76053240865688,1
"439",35000,35000," 36 months",2.39865317865931,"B","B5","OWN",2823,"Fully Paid","CA",0.741276979370275,1
"440",2400,2400," 36 months",2.81676703548983,"C","C3","RENT",2023,"Fully Paid","OK",0.684981812889925,1
"441",20950,20950," 36 months",4.97135375226721,"E","E3","MORTGAGE",8286,"Fully Paid","AZ",0.534690658369728,1
"442",25000,25000," 36 months",2.39865317865931,"B","B5","RENT",802,"Fully Paid","WA",0.720819926162664,1
"443",1375,1375," 36 months",2.18259434355072,"B","B4","MORTGAGE",5544,"Fully Paid","IN",0.768636933005483,1
"444",20000,20000," 36 months",2.81676703548983,"C","C3","MORTGAGE",102,"Fully Paid","GA",0.719334031066105,1
"445",2000,2000," 36 months",2.81676703548983,"C","C3","MORTGAGE",4184,"Fully Paid","MI",0.719334031066105,1
"446",4800,4800," 36 months",2.18259434355072,"B","B4","MORTGAGE",802,"Fully Paid","VA",0.768636933005483,1
"447",11000,11000," 36 months",1.98654095613736,"B","B2","RENT",8008,"Fully Paid","CA",0.753210881678734,1
"448",18000,18000," 60 months",3.41893101111657,"D","D1","MORTGAGE",8153,"Fully Paid","SC",0.534796575498186,1
"449",11000,11000," 36 months",2.52468749913932,"C","C1","MORTGAGE",256,"Fully Paid","NE",0.742636523220407,1
"450",8400,8400," 36 months",3.20487272077749,"C","C5","RENT",6170,"Fully Paid","PA",0.650042860185759,1
"451",22275,22275," 60 months",5.93961742071684,"F","F2","MORTGAGE",7885,"Fully Paid","GA",0.311696541527985,0
"452",5000,5000," 36 months",2.18259434355072,"B","B4","RENT",2735,"Fully Paid","CO",0.738122286802134,1
"453",7000,7000," 36 months",1.59443418131065,"A","A5","RENT",920,"Fully Paid","GA",0.79824495511446,1
"454",35000,35000," 60 months",2.81676703548983,"C","C3","MORTGAGE",6,"Fully Paid","TX",0.610892221354506,1
"455",9000,9000," 36 months",1.88851426243068,"B","B1","MORTGAGE",7915,"Fully Paid","CA",0.789181591753937,1
"456",1000,1000," 36 months",2.81676703548983,"C","C3","RENT",2107,"Fully Paid","FL",0.684981812889925,1
"457",1200,1200," 36 months",2.08456764984404,"B","B3","RENT",2023,"Fully Paid","OK",0.745740341955466,1
"458",8800,8800," 36 months",2.08456764984404,"B","B3","OWN",6730,"Fully Paid","NY",0.764966750261519,1
"459",30000,30000," 60 months",2.08456764984404,"B","B3","MORTGAGE",3352,"Fully Paid","OH",0.679249230713308,1
"460",10000,10000," 36 months",1.98654095613736,"B","B2","RENT",6634,"Fully Paid","SC",0.753210881678734,1
"461",14000,14000," 36 months",1.06428981738678,"A","A1","MORTGAGE",6,"Fully Paid","CO",0.852575863929706,1
"462",2000,2000," 36 months",1.98654095613736,"B","B2","MORTGAGE",7256,"Fully Paid","NV",0.782485472973867,1
"463",4500,4500," 36 months",1.41438515205349,"A","A2","RENT",2842,"Fully Paid","LA",0.809758867558361,1
"464",3000,3000," 36 months",2.81676703548983,"C","C3","MORTGAGE",2358,"Fully Paid","OH",0.719334031066105,1
"465",8400,8400," 36 months",1.41438515205349,"A","A2","RENT",6991,"Fully Paid","CA",0.809758867558361,1
"466",10000,10000," 36 months",2.52468749913932,"C","C1","MORTGAGE",8008,"Fully Paid","ID",0.742636523220407,1
"467",3000,3000," 36 months",2.39865317865931,"B","B5","RENT",8226,"Fully Paid","CA",0.720819926162664,1
"468",10000,10000," 36 months",1.88851426243068,"B","B1","RENT",3892,"Fully Paid","CA",0.76053240865688,1
"469",8000,8000," 36 months",5.16540659491104,"E","E4","MORTGAGE",4618,"Fully Paid","NJ",0.515050148288567,1
"470",4000,4000," 36 months",1.98654095613736,"B","B2","RENT",2358,"Fully Paid","MI",0.753210881678734,1
"471",35000,35000," 36 months",2.81676703548983,"C","C3","MORTGAGE",8886,"Fully Paid","UT",0.719334031066105,1
"472",10200,10200," 60 months",4.29116853062904,"D","D5","MORTGAGE",6,"Fully Paid","KS",0.446546424241408,0
"473",12500,12500," 36 months",4.00108953904806,"D","D4","MORTGAGE",6724,"Fully Paid","MA",0.597054388217032,1
"474",13000,13000," 36 months",1.59443418131065,"A","A5","MORTGAGE",8874,"Fully Paid","VA",0.823429815160132,1
"475",10000,10000," 36 months",3.20487272077749,"C","C5","OWN",2822,"Fully Paid","VA",0.673335822410204,1
"476",7000,7000," 36 months",1.41438515205349,"A","A2","RENT",2822,"Fully Paid","AZ",0.809758867558361,1
"477",2700,2700," 36 months",3.80703669640423,"D","D3","OWN",6170,"Fully Paid","CA",0.601485613836046,1
"478",6025,6025," 36 months",3.80703669640423,"D","D3","MORTGAGE",5618,"Fully Paid","MA",0.615850814501175,1
"479",4500,4500," 36 months",1.44239277882683,"A","A3","MORTGAGE",8552,"Fully Paid","CO",0.832224343996477,1
"480",5600,5600," 36 months",2.18259434355072,"B","B4","RENT",5758,"Fully Paid","CA",0.738122286802134,1
"481",1500,1500," 36 months",3.20487272077749,"C","C5","RENT",6634,"Fully Paid","FL",0.650042860185759,1
"482",6000,6000," 36 months",2.71874034178316,"C","C2","MORTGAGE",5654,"Fully Paid","AR",0.727296712049127,1
"483",30000,30000," 60 months",3.20487272077749,"C","C5","MORTGAGE",383,"Fully Paid","CA",0.572860083605594,1
"484",6000,6000," 36 months",3.01081987813366,"C","C4","MORTGAGE",8834,"Fully Paid","CA",0.703160469027136,1
"485",5000,5000," 36 months",1.88851426243068,"B","B1","OWN",3892,"Fully Paid","IL",0.778971801913608,1
"486",2500,2500," 36 months",4.00108953904806,"D","D4","MORTGAGE",7349,"Fully Paid","FL",0.597054388217032,1
"487",28725,28725," 36 months",3.6129838537604,"D","D2","MORTGAGE",8834,"Fully Paid","MA",0.63430747314337,1
"488",25000,25000," 60 months",3.80703669640423,"D","D3","MORTGAGE",1928,"Fully Paid","TX",0.495469463168495,0
"489",15000,15000," 36 months",3.80703669640423,"D","D3","RENT",7025,"Fully Paid","HI",0.576293259182813,1
"490",3300,3300," 36 months",2.39865317865931,"B","B5","MORTGAGE",6170,"Fully Paid","CA",0.752675141200262,1
"491",10000,10000," 60 months",1.88851426243068,"B","B1","RENT",6170,"Fully Paid","NY",0.660495749932878,1
"492",6000,6000," 36 months",2.08456764984404,"B","B3","OWN",4375,"Fully Paid","FL",0.764966750261519,1
"493",6500,6500," 36 months",1.98654095613736,"B","B2","RENT",5106,"Fully Paid","FL",0.753210881678734,1
"494",8900,8900," 36 months",3.6129838537604,"D","D2","MORTGAGE",417,"Fully Paid","NV",0.63430747314337,1
"495",33625,33625," 36 months",3.20487272077749,"C","C5","MORTGAGE",8552,"Fully Paid","CA",0.686461134493951,1
"496",7250,7250," 36 months",2.71874034178316,"C","C2","RENT",7510,"Fully Paid","AZ",0.693503830498052,1
"497",12000,12000," 36 months",1.59443418131065,"A","A5","MORTGAGE",5970,"Fully Paid","FL",0.823429815160132,1
"498",9000,9000," 36 months",3.80703669640423,"D","D3","MORTGAGE",5654,"Fully Paid","TX",0.615850814501175,1
"499",13000,13000," 60 months",2.81676703548983,"C","C3","MORTGAGE",7510,"Fully Paid","MI",0.610892221354506,1
"500",3000,3000," 36 months",2.81676703548983,"C","C3","RENT",3449,"Fully Paid","CA",0.684981812889925,1
"501",5000,5000," 36 months",2.52468749913932,"C","C1","RENT",3866,"Fully Paid","OR",0.709986536008007,1
"502",1000,1000," 36 months",2.18259434355072,"B","B4","OWN",5654,"Fully Paid","IL",0.757737612743748,1
"503",5000,5000," 36 months",1.98654095613736,"B","B2","OWN",4268,"Fully Paid","FL",0.772045065364772,1
"504",21000,21000," 36 months",3.6129838537604,"D","D2","RENT",2532,"Fully Paid","TX",0.595401860340457,1
"505",8000,8000," 36 months",4.00108953904806,"D","D4","OWN",669,"Fully Paid","CO",0.582462846058549,1
"506",6200,6200," 36 months",3.20487272077749,"C","C5","OWN",781,"Fully Paid","KS",0.673335822410204,1
"507",7000,7000," 36 months",2.18259434355072,"B","B4","RENT",3210,"Fully Paid","CA",0.738122286802134,1
"508",8500,8500," 36 months",1.41438515205349,"A","A2","OWN",5106,"Fully Paid","MO",0.825278560673994,1
"509",11000,11000," 36 months",4.77730090962338,"E","E2","OWN",4854,"Fully Paid","MI",0.53927848559376,1
"510",12000,12000," 60 months",2.81676703548983,"C","C3","RENT",6170,"Fully Paid","TX",0.571179597133793,1
"511",14000,14000," 60 months",3.41893101111657,"D","D1","RENT",6505,"Fully Paid","GA",0.493753571428183,0
"512",8800,8800," 36 months",2.08456764984404,"B","B3","RENT",5323,"Fully Paid","OH",0.745740341955466,1
"513",3075,3075," 36 months",2.08456764984404,"B","B3","MORTGAGE",3149,"Fully Paid","FL",0.775637134827838,1
"514",12000,12000," 36 months",2.71874034178316,"C","C2","MORTGAGE",802,"Fully Paid","AL",0.727296712049127,1
"515",1800,1800," 36 months",1.98654095613736,"B","B2","RENT",2822,"Fully Paid","CA",0.753210881678734,1
"516",7850,7850," 36 months",2.52468749913932,"C","C1","RENT",3430,"Fully Paid","NY",0.709986536008007,1
"517",10000,10000," 36 months",3.20487272077749,"C","C5","OWN",8206,"Fully Paid","OH",0.673335822410204,1
"518",8000,8000," 36 months",2.71874034178316,"C","C2","MORTGAGE",4389,"Fully Paid","LA",0.727296712049127,1
"519",6500,6500," 36 months",2.08456764984404,"B","B3","OWN",3351,"Fully Paid","PA",0.764966750261519,1
"520",35000,35000," 36 months",2.52468749913932,"C","C1","RENT",1114,"Fully Paid","TX",0.709986536008007,1
"521",5000,5000," 36 months",2.71874034178316,"C","C2","MORTGAGE",5685,"Fully Paid","LA",0.727296712049127,1
"522",6000,6000," 36 months",3.20487272077749,"C","C5","RENT",3023,"Fully Paid","CA",0.650042860185759,1
"523",5000,5000," 36 months",2.18259434355072,"B","B4","MORTGAGE",4506,"Fully Paid","WI",0.768636933005483,1
"524",25000,25000," 36 months",2.08456764984404,"B","B3","MORTGAGE",525,"Fully Paid","CA",0.775637134827838,1
"525",15000,15000," 36 months",4.29116853062904,"D","D5","RENT",3669,"Fully Paid","CO",0.527737302120717,1
"526",5000,5000," 36 months",2.71874034178316,"C","C2","MORTGAGE",5430,"Fully Paid","CT",0.727296712049127,1
"527",40000,40000," 60 months",1.59443418131065,"A","A5","RENT",3352,"Fully Paid","CA",0.707912025123447,1
"528",15000,15000," 36 months",3.20487272077749,"C","C5","MORTGAGE",7095,"Fully Paid","MN",0.686461134493951,1
"529",25000,25000," 60 months",6.16968006921211,"G","G2","RENT",6170,"Charged Off","NC",0.259438114721886,0
"530",9600,9600," 36 months",2.08456764984404,"B","B3","RENT",8617,"Fully Paid","FL",0.745740341955466,1
"531",12000,12000," 60 months",2.08456764984404,"B","B3","RENT",4268,"Fully Paid","NY",0.642429615330441,1
"532",14025,14025," 36 months",3.6129838537604,"D","D2","MORTGAGE",1283,"Fully Paid","NY",0.63430747314337,1
"533",10000,10000," 36 months",2.71874034178316,"C","C2","MORTGAGE",6,"Fully Paid","CA",0.727296712049127,1
"534",3000,3000," 36 months",3.01081987813366,"C","C4","MORTGAGE",669,"Fully Paid","MO",0.703160469027136,1
